{"tissue_hires_scalef": 0.070276536, "tissue_lowres_scalef": 0.021082962, "fiducial_diameter_fullres": 341.31833, "spot_diameter_fullres": 211.29231}